id,name_ja,name_en,type,category
1,あくのはどう,,あく,特殊
2,あくび,,ノーマル,変化
3,あさのひざし,,ノーマル,変化
4,あなをほる,,じめん,物理
5,あばれる,,ノーマル,物理
6,あまいかおり,,ノーマル,変化
7,あまえる,,フェアリー,変化
8,あまごい,,みず,変化
9,あやしいひかり,,ゴースト,変化
10,いえき,,どく,変化
11,いかりのこな,,むし,変化
12,いかりのまえば,,ノーマル,物理
13,いたみわけ,,ノーマル,変化
14,いちゃもん,,あく,変化
15,いとをはく,,むし,変化
16,いのちがけ,,かくとう,特殊
17,いのちのしずく,,みず,変化
18,いばる,,ノーマル,変化
19,いびき,,ノーマル,特殊
20,いやしのすず,,ノーマル,変化
21,いやしのねがい,,エスパー,変化
22,いやしのはどう,,エスパー,変化
23,いやなおと,,ノーマル,変化
24,いわなだれ,,いわ,物理
25,うずしお,,みず,特殊
26,うそなき,,あく,変化
27,うたう,,ノーマル,変化
28,うたかたのアリア,,みず,特殊
29,うちおとす,,いわ,物理
30,ウッドハンマー,,くさ,物理
31,ウッドホーン,,くさ,物理
32,うっぷんばらし,,あく,物理
33,うらみ,,ゴースト,変化
34,うらみつらみ,,ゴースト,特殊
35,エアカッター,,ひこう,特殊
36,エアスラッシュ,,ひこう,特殊
37,エナジーボール,,くさ,特殊
38,エレキネット,,でんき,特殊
39,エレキフィールド,,でんき,変化
40,エレキボール,,でんき,特殊
41,エレクトロビーム,,でんき,特殊
42,オーバーヒート,,ほのお,特殊
43,オーラぐるま,,でんき,物理
44,オーロラベール,,こおり,変化
45,おいかぜ,,ひこう,変化
46,おかたづけ,,ノーマル,変化
47,おきみやげ,,あく,変化
48,おさきにどうぞ,,ノーマル,変化
49,おたけび,,ノーマル,変化
50,おだてる,,あく,変化
51,おちゃかい,,ノーマル,変化
52,おにび,,ほのお,変化
53,おはかまいり,,ゴースト,物理
54,かいでんぱ,,でんき,変化
55,かえんほうしゃ,,ほのお,特殊
56,かかとおとし,,かくとう,物理
57,かげうち,,ゴースト,物理
58,かげぬい,,ゴースト,物理
59,かげぶんしん,,ノーマル,変化
60,かなしばり,,ノーマル,変化
61,かふんだんご,,むし,特殊
62,かみくだく,,あく,物理
63,かみつく,,あく,物理
64,かみなり,,でんき,特殊
65,かみなりのキバ,,でんき,物理
66,かみなりパンチ,,でんき,物理
67,からげんき,,ノーマル,物理
68,からをやぶる,,ノーマル,変化
69,かわらわり,,かくとう,物理
70,ガードシェア,,エスパー,変化
71,ガードスワップ,,エスパー,変化
72,がむしゃら,,ノーマル,物理
73,がんせきアックス,,いわ,物理
74,がんせきふうじ,,いわ,物理
75,がんせきほう,,いわ,物理
76,きあいだま,,かくとう,特殊
77,きあいだめ,,ノーマル,変化
78,きあいパンチ,,かくとう,物理
79,きしかいせい,,かくとう,物理
80,きまぐレーザー,,ドラゴン,特殊
81,きゅうけつ,,むし,物理
82,きりばらい,,ひこう,変化
83,キングシールド,,はがね,変化
84,きんぞくおん,,はがね,変化
85,ギガインパクト,,ノーマル,物理
86,ギガドレイン,,くさ,特殊
87,クイックターン,,みず,物理
88,くさむすび,,くさ,特殊
89,くさわけ,,くさ,物理
90,くすぐる,,ノーマル,変化
91,くちばしキャノン,,ひこう,物理
92,クラブハンマー,,みず,物理
93,クリアスモッグ,,どく,特殊
94,くろいきり,,こおり,変化
95,くろいまなざし,,ノーマル,変化
96,クロスチョップ,,かくとう,物理
97,クロスポイズン,,どく,物理
98,グラススライダー,,くさ,物理
99,グラスフィールド,,くさ,変化
100,けたぐり,,かくとう,物理
101,げきりん,,ドラゴン,物理
102,げんしのちから,,いわ,特殊
103,コーチング,,かくとう,変化
104,こうごうせい,,くさ,変化
105,こうそくいどう,,エスパー,変化
106,こうそくスピン,,ノーマル,物理
107,こおりのいぶき,,こおり,特殊
108,こおりのキバ,,こおり,物理
109,こおりのつぶて,,こおり,物理
110,こごえるかぜ,,こおり,特殊
111,コスモパワー,,エスパー,変化
112,コットンガード,,くさ,変化
113,このゆびとまれ,,ノーマル,変化
114,コメットパンチ,,はがね,物理
115,こらえる,,ノーマル,変化
116,こわいかお,,ノーマル,変化
117,ゴーストダイブ,,ゴースト,物理
118,ゴールドラッシュ,,はがね,特殊
119,ゴッドバード,,ひこう,物理
120,サイコカッター,,エスパー,物理
121,サイコキネシス,,エスパー,特殊
122,サイコショック,,エスパー,特殊
123,サイコノイズ,,エスパー,特殊
124,サイコファング,,エスパー,物理
125,サイコフィールド,,エスパー,変化
126,サイドチェンジ,,エスパー,変化
127,さいはい,,エスパー,変化
128,さいみんじゅつ,,エスパー,変化
129,さきおくり,,あく,変化
130,さむいギャグ,,こおり,変化
131,さわぐ,,ノーマル,特殊
132,サンダーダイブ,,でんき,物理
133,シェルアームズ,,どく,特殊
134,シェルブレード,,みず,物理
135,しおづけ,,いわ,物理
136,しおふき,,みず,特殊
137,シザークロス,,むし,物理
138,しっとのほのお,,ほのお,特殊
139,しっぺがえし,,あく,物理
140,しっぽきり,,ノーマル,変化
141,しねんのずつき,,エスパー,物理
142,しびれごな,,くさ,変化
143,しめつける,,ノーマル,物理
144,シャカシャカほう,,くさ,特殊
145,シャドークロー,,ゴースト,物理
146,シャドーパンチ,,ゴースト,物理
147,シャドーボール,,ゴースト,特殊
148,しんくうは,,かくとう,特殊
149,しんそく,,ノーマル,物理
150,しんぴのまもり,,ノーマル,変化
151,シンプルビーム,,ノーマル,変化
152,ジェットパンチ,,みず,物理
153,じこあんじ,,ノーマル,変化
154,じこさいせい,,ノーマル,変化
155,じごくづき,,あく,物理
156,じしん,,じめん,物理
157,じたばた,,ノーマル,物理
158,じだんだ,,じめん,物理
159,じならし,,じめん,物理
160,じばく,,ノーマル,物理
161,じばそうさ,,でんき,変化
162,ジャイロボール,,はがね,物理
163,じゃれつく,,フェアリー,物理
164,じゅうでん,,でんき,変化
165,じゅうりょく,,エスパー,変化
166,じわれ,,じめん,物理
167,じんつうりき,,エスパー,特殊
168,すてみタックル,,ノーマル,物理
169,すてゼリフ,,あく,変化
170,すなあらし,,いわ,変化
171,すなじごく,,じめん,物理
172,スピードスワップ,,エスパー,変化
173,スマートホーン,,はがね,物理
174,すりかえ,,あく,変化
175,せいちょう,,ノーマル,変化
176,せいなるつるぎ,,かくとう,物理
177,ぜったいれいど,,こおり,特殊
178,そうでん,,でんき,変化
179,そらをとぶ,,ひこう,物理
180,たきのぼり,,みず,物理
181,たくわえる,,ノーマル,変化
182,たたりめ,,ゴースト,特殊
183,たてこもる,,はがね,変化
184,タネばくだん,,くさ,物理
185,タネマシンガン,,くさ,物理
186,だいちのちから,,じめん,特殊
187,だいちのはどう,,ノーマル,特殊
188,だいばくはつ,,ノーマル,物理
189,ダイビング,,みず,物理
190,だいふんげき,,ほのお,物理
191,だいもんじ,,ほのお,特殊
192,だくりゅう,,みず,特殊
193,ダストシュート,,どく,物理
194,ダブルアタック,,ノーマル,物理
195,ダブルウイング,,ひこう,物理
196,ダメおし,,あく,物理
197,ちいさくなる,,ノーマル,変化
198,ちからをすいとる,,くさ,変化
199,ちきゅうなげ,,かくとう,物理
200,チャージビーム,,でんき,特殊
201,ちょうのまい,,むし,変化
202,ちょうはつ,,あく,変化
203,ついばむ,,ひこう,物理
204,ツインビーム,,エスパー,特殊
205,つきのひかり,,フェアリー,変化
206,つけあがる,,あく,物理
207,つじぎり,,あく,物理
208,つのドリル,,ノーマル,物理
209,つばめがえし,,ひこう,物理
210,つぶらなひとみ,,フェアリー,変化
211,つぼをつく,,ノーマル,変化
212,つららおとし,,こおり,物理
213,つららばり,,こおり,物理
214,つるぎのまい,,ノーマル,変化
215,てだすけ,,ノーマル,変化
216,てっていこうせん,,はがね,特殊
217,てっぺき,,はがね,変化
218,てんしのキッス,,フェアリー,変化
219,であいがしら,,むし,物理
220,デカハンマー,,はがね,物理
221,デコレーション,,フェアリー,変化
222,でんこうせっか,,ノーマル,物理
223,でんじは,,でんき,変化
224,でんじふゆう,,でんき,変化
225,でんじほう,,でんき,特殊
226,トーチカ,,どく,変化
227,とおせんぼう,,ノーマル,変化
228,とおぼえ,,ノーマル,変化
229,とぐろをまく,,どく,変化
230,とける,,どく,変化
231,とっておき,,ノーマル,物理
232,とどめばり,,むし,物理
233,とびかかる,,むし,物理
234,とびつく,,むし,物理
235,とびはねる,,ひこう,物理
236,とびひざげり,,かくとう,物理
237,ともえなげ,,かくとう,物理
238,とんぼがえり,,むし,物理
239,どくづき,,どく,物理
240,どくどく,,どく,変化
241,どくどくのキバ,,どく,物理
242,どくのいと,,どく,変化
243,どくのこな,,どく,変化
244,どくびし,,どく,変化
245,どろかけ,,じめん,特殊
246,どろぼう,,あく,物理
247,なかまづくり,,ノーマル,変化
248,なげつける,,あく,物理
249,なまける,,ノーマル,変化
250,なみだめ,,ノーマル,変化
251,なみのり,,みず,特殊
252,なやみのタネ,,くさ,変化
253,なりきり,,エスパー,変化
254,にほんばれ,,ほのお,変化
255,ねがいごと,,ノーマル,変化
256,ねこだまし,,ノーマル,物理
257,ねごと,,ノーマル,変化
258,ねっさのだいち,,じめん,特殊
259,ねっとう,,みず,特殊
260,ねっぷう,,ほのお,特殊
261,ねばねばネット,,むし,変化
262,ねむりごな,,くさ,変化
263,ねむる,,エスパー,変化
264,ねをはる,,くさ,変化
265,のしかかり,,ノーマル,物理
266,のみこむ,,ノーマル,変化
267,のろい,,ゴースト,変化
268,はいよるいちげき,,むし,物理
269,はかいこうせん,,ノーマル,特殊
270,はがねのつばさ,,はがね,物理
271,はきだす,,ノーマル,特殊
272,ハサミギロチン,,ノーマル,物理
273,はたきおとす,,あく,物理
274,はたく,,ノーマル,物理
275,はどうだん,,かくとう,特殊
276,はなびらのまい,,くさ,特殊
277,はなふぶき,,くさ,物理
278,はねやすめ,,ひこう,変化
279,はめつのひかり,,フェアリー,特殊
280,はやてがえし,,かくとう,物理
281,はらだいこ,,ノーマル,変化
282,バークアウト,,あく,特殊
283,ばかぢから,,かくとう,物理
284,ばくおんぱ,,ノーマル,特殊
285,ばくれつパンチ,,かくとう,物理
286,バトンタッチ,,ノーマル,変化
287,バリアーラッシュ,,エスパー,物理
288,バレットパンチ,,はがね,物理
289,パラボラチャージ,,でんき,特殊
290,パワーウィップ,,くさ,物理
291,パワーシェア,,エスパー,変化
292,パワージェム,,いわ,特殊
293,パワースワップ,,エスパー,変化
294,パワートリック,,エスパー,変化
295,ヒートスタンプ,,ほのお,物理
296,ひかりのかべ,,エスパー,変化
297,ひけん・ちえなみ,,あく,物理
298,ひっくりかえす,,あく,変化
299,ひゃっきやこう,,ゴースト,特殊
300,ひやみず,,みず,特殊
301,ひょうざんおろし,,こおり,物理
302,ビルドアップ,,かくとう,変化
303,ファストガード,,かくとう,変化
304,ふいうち,,あく,物理
305,ふういん,,エスパー,変化
306,フェアリーロック,,フェアリー,変化
307,フェイタルクロー,,どく,物理
308,フェイント,,ノーマル,物理
309,フェザーダンス,,ひこう,変化
310,ふきとばし,,ノーマル,変化
311,ふくろだたき,,あく,物理
312,ふしょくガス,,どく,変化
313,ふぶき,,こおり,特殊
314,フライングプレス,,かくとう,物理
315,フラフラダンス,,ノーマル,変化
316,フリーズドライ,,こおり,特殊
317,フレアソング,,ほのお,特殊
318,フレアドライブ,,ほのお,物理
319,ブラストバーン,,ほのお,特殊
320,ブレイククロー,,ノーマル,物理
321,ブレイズキック,,ほのお,物理
322,ブレイブバード,,ひこう,物理
323,ぶんまわす,,あく,物理
324,ヘドロウェーブ,,どく,特殊
325,ヘドロばくだん,,どく,特殊
326,ヘビーボンバー,,はがね,物理
327,ベノムショック,,どく,特殊
328,ボディプレス,,かくとう,物理
329,ボルテッカー,,でんき,物理
330,ボルトチェンジ,,でんき,特殊
331,ボーンラッシュ,,じめん,物理
332,ポルターガイスト,,ゴースト,物理
333,マジカルシャイン,,フェアリー,特殊
334,マジカルフレイム,,ほのお,特殊
335,マジックルーム,,エスパー,変化
336,マッドショット,,じめん,特殊
337,マッハパンチ,,かくとう,物理
338,まとわりつく,,むし,特殊
339,まねっこ,,ノーマル,変化
340,まほうのこな,,エスパー,変化
341,まもる,,ノーマル,変化
342,みがわり,,ノーマル,変化
343,みきり,,かくとう,変化
344,ミサイルばり,,むし,物理
345,ミストバースト,,フェアリー,特殊
346,ミストフィールド,,フェアリー,変化
347,みずあめボム,,くさ,特殊
348,みずしゅりけん,,みず,特殊
349,みずのはどう,,みず,特殊
350,みずびたし,,みず,変化
351,みちづれ,,ゴースト,変化
352,ミラーコート,,エスパー,特殊
353,ミラータイプ,,ノーマル,変化
354,みらいよち,,エスパー,特殊
355,みわくのボイス,,フェアリー,特殊
356,ムーンフォース,,フェアリー,特殊
357,むしくい,,むし,物理
358,むしのさざめき,,むし,特殊
359,むしのていこう,,むし,特殊
360,むねんのつるぎ,,ほのお,物理
361,めいそう,,エスパー,変化
362,メガトンキック,,ノーマル,物理
363,メガホーン,,むし,物理
364,メタルバースト,,はがね,物理
365,メテオビーム,,いわ,特殊
366,メロメロ,,ノーマル,変化
367,もえつきる,,ほのお,特殊
368,もりののろい,,くさ,変化
369,もろはのずつき,,いわ,物理
370,やけっぱち,,ほのお,物理
371,やどりぎのタネ,,くさ,変化
372,やまあらし,,かくとう,物理
373,ゆきげしき,,こおり,変化
374,ゆきなだれ,,こおり,物理
375,ライジングボルト,,でんき,特殊
376,ラスターカノン,,はがね,特殊
377,リーフストーム,,くさ,特殊
378,リーフブレード,,くさ,物理
379,リサイクル,,ノーマル,変化
380,リフレクター,,エスパー,変化
381,りゅうせいぐん,,ドラゴン,特殊
382,りゅうのはどう,,ドラゴン,特殊
383,りゅうのまい,,ドラゴン,変化
384,りんごさん,,くさ,特殊
385,りんしょう,,ノーマル,特殊
386,ルミナコリジョン,,エスパー,特殊
387,レイジングブル,,ノーマル,物理
388,ロックオン,,ノーマル,変化
389,ロックカット,,いわ,変化
390,ロックブラスト,,いわ,物理
391,ローキック,,かくとう,物理
392,ワイドガード,,いわ,変化
393,ワイドフォース,,エスパー,特殊
394,ワイドブレイカー,,ドラゴン,物理
395,ワイルドボルト,,でんき,物理
396,わたほうし,,くさ,変化
397,わるあがき,,ノーマル,物理
398,わるだくみ,,あく,変化
399,ワンダールーム,,エスパー,変化
400,１０まんばりき,,じめん,物理
401,１０まんボルト,,でんき,特殊
402,３ぼんのや,,かくとう,物理
403,ＤＤラリアット,,あく,物理
404,Ｇのちから,,くさ,物理